{
"Temuka":[[171.231966,-44.223491],[171.257372,-44.223491],[171.257372,-44.199744],[171.231966,-44.199744]],
"Lake Kanier" : [[171.152744,-42.84973],[171.177464,-42.84973],[171.177464,-42.87458],[171.152744,-42.87458]],
"Clutha river": [[169.292278,-44.927681],[169.292278,-44.900815],[169.319572,-44.900815],[169.319572,-44.927681]],
"Eyre forest" : [[172.293091,-43.465691],[172.32296,-43.465691],[172.32296,-43.437402],[172.293091,-43.437402]]
}